1073.986649813333,1079.1182,95.82067438915871,22.23124735511534,22.23123970058989,4.310179849944888,56.32401226432478,27.53333333333333,1.866666666666667,15.72510642048508,134.5954096871463,-0.3064838309339404,-0.07896753103922555,2.911420085207955e-06,-0.0009331563238247975,0.02106223731095734,0.008641576460673518,0.008641555361415629,2.437314233902614,-0.3064838309339404,-0.07896753103922555,2112.096572454672,49.7629503746515,2130.410364110082,50.19444025878151,99.91518338181729,1.808475912361105,0.04260936656697768,0.0848166181826847,4244.315412477115,1178.014232619038,0.0008488861783755656,2.198695972850226,1.144792296151409,2,no stress
780.8057349466666,787.137655,50.93729242748876,10.76356231006361,10.76354891819567,4.732382361912274,77.19743069233326,1.866666666666667,0.2666666666666667,7.613518385851998,71.63274291464275,1.40015286003081,-0.9216643146038869,2.385298594222211e-05,-0.0003932585686513867,0.01401499987268131,0.008647888784431911,0.008647887966109392,1.620626747410463,1.40015286003081,-0.9216643146038869,667.3776450458618,61.97527797600717,376.4283503856057,34.95659740235165,91.93123721008337,33.03894474649727,3.068124621641171,8.06876278991664,1076.844940177965,11.39347377084475,0.08776954422442634,2.074899504121797,1.292568944696893,2,interruption
579.3436192800001,572.9538150000001,34.74613023275629,6.647402259253736,6.642812514614212,5.227023862500089,103.8800585335458,0.5333333333333333,0.2666666666666667,4.698745330017148,48.91327963474707,33.81375402756723,3.996899543316166,0.0003255350696402171,-0.0002980248870503402,0.01073596288446103,0.006966979511042367,0.006966974126863769,1.540978104994421,33.81375402756723,3.996899543316166,245.841670962565,52.55629535018937,199.5172902098626,42.65301968817036,89.902380100793,22.40930393166745,4.790684961640265,10.09761989920698,467.7682651040951,8.903323852371738,0.1123176036928739,1.835705083001925,1.264300658696093,2,no stress
962.0721758133334,938.067155,164.6963319906583,14.71162015500702,14.7115690215859,11.19498262294413,64.19827264687746,8.666666666666666,0.6,10.40612181742664,232.6832099036695,-0.8434445943998989,0.3315226103407584,-3.359747607318861e-05,-0.000946614553197942,0.01515589633899608,0.005912560512579804,0.005912560331615182,2.563338896363052,-0.8434445943998989,0.3315226103407584,3859.966339394484,85.1671558819235,664.7769330983866,14.66778611773566,98.88721273528598,7.480798422419245,0.1650580003408456,1.112787264714073,4532.224070915289,88.86443606154565,0.01125309566255978,2.185317101125297,1.096545200973063,2,time pressure
753.0687379199999,754.79719,55.66890045724284,9.960917375426028,9.960586654763034,5.588732278271898,80.11794420294406,2.0,0.0,7.04554884325484,78.41181797238306,-0.8127708341384254,-0.1077592502471446,-9.489596956972994e-05,-0.0004110198837567761,0.01355850406229671,0.008525896703321708,0.008525893806783714,1.59027308611589,-0.8127708341384254,-0.1077592502471446,449.0542551267482,52.30820928151255,368.7493212153806,42.9538668130547,90.06553573674867,40.67401502412511,4.737923905432761,9.934464263251353,858.4775913662538,9.06596806331175,0.1103026166666977,2.217421838861158,1.250471636737506,2,no stress
816.9466857666665,816.07147,52.18651049142962,18.06095199662117,18.06083952034553,2.889466208713285,73.7492764601842,17.73333333333333,0.0,12.77520405185502,72.68877434637108,0.05351825598015436,-0.08618793987898872,-9.13351744078083e-05,-0.001094111867174794,0.02215733201566044,0.01270102635163931,0.01270102475159672,1.744530827841374,0.05351825598015436,-0.08618793987898872,588.415276095235,33.9420991784829,1106.182340383153,63.80893262311306,96.59545917984804,38.98778435696234,2.248968198404046,3.404540820151959,1733.58540083535,28.37253664520215,0.03524535054813655,2.187217444550714,1.302809586486071,2,no stress
776.5681382399999,770.866925,60.81057268251474,14.64431124990424,14.64417363352657,4.15250479485079,77.73040066820252,9.733333333333333,0.06666666666666667,10.35845017770901,85.37302858553593,0.3173625144675758,0.4127119969025173,-0.0001073923321618066,-0.001137410961546584,0.01948822620734813,0.01305886114298004,0.01305884247777139,1.49233734810208,0.3173625144675758,0.4127119969025173,616.0533744362267,48.94074843041859,550.983833545809,43.77146900862326,85.72681279703706,91.73670576817834,7.287782560958138,14.27318720296292,1258.773913750214,6.006143657895927,0.1664961840673521,2.066695017260522,1.3531949608175,2,interruption
958.5900711866667,967.720605,132.6984012681043,21.08703636118711,21.08697884744348,6.292890048425656,63.86719368786477,23.66666666666667,1.533333333333333,14.91572179187865,187.0701810595396,-0.6530043062523232,-0.1050246078646815,-4.730231938598312e-05,-0.001983217312782678,0.02182642767412501,0.009518034735605472,0.009518021129529187,2.293165372939413,-0.6530043062523232,-0.1050246078646815,2395.809381653895,54.14396754597996,2014.455329029228,45.52557678127565,99.2793627030953,14.62229010663965,0.3304556727444076,0.7206372969047341,4424.887000789762,137.7660622472885,0.007258681736907103,2.212028750433102,1.145171215108395,2,no stress
837.9335294866665,839.145295,64.13150209241199,13.55901485047675,13.55900346887328,4.729805432004307,72.05719782328707,6.0,0.2666666666666667,9.590862919718376,90.18710811259699,1.701823467259424,-0.5905140498022537,1.930890769117469e-05,-0.0006568237042211111,0.01652925204649669,0.009514374785365603,0.00951436023170047,1.73729250942699,1.701823467259424,-0.5905140498022537,1273.633234786871,67.9111615980361,572.0138100753502,30.50024232355709,95.04938116329703,29.79316970142221,1.588596078406805,4.950618836702984,1875.440214563643,19.1994949113469,0.05208470351003871,2.116748854175101,1.260097591243895,2,time pressure
766.6914091333334,756.01073,113.735614231783,10.98283044589592,10.98276877508751,10.35576528218952,79.66915033108559,2.2,0.3333333333333333,7.768581964200993,160.6587346633461,7.112288536657376,2.16351924430603,6.186184591628603e-05,-0.0002955314542250004,0.01384663975943884,0.00630184311947101,0.006301843062755627,2.19723650635739,7.112288536657376,2.16351924430603,2369.279325866385,80.53079519249812,558.3162673428396,18.97693213592911,97.47153170126859,14.48304913242737,0.4922726715727783,2.528468298731418,2942.078642341652,38.54963566289202,0.02594058238954,1.860422651429876,1.124722894490963,2,no stress
809.00260568,818.38331,82.32234196674851,13.93286018608478,13.93285514672569,5.90850269558914,75.02000449735644,5.866666666666666,0.8666666666666667,9.855304196897807,116.0034868138332,0.5826069242581164,-0.6642936239266842,1.262383132662122e-05,0.0004670173044644132,0.01814663738842456,0.009683989518531836,0.009683987363816642,1.873880321090612,0.5826069242581164,-0.6642936239266842,1464.646180463858,63.48428834692875,797.1037401870755,34.55002604685411,94.6168771818204,45.35033769939079,1.96568560621714,5.383122818179586,2307.100258350325,17.57657782993275,0.05689389650680517,2.100760354495722,1.17778095878979,2,interruption
883.2731690733333,886.7721200000001,100.3817409584669,11.1035139965794,11.10294007111417,9.0405380665428,68.84094002078592,3.333333333333333,0.0,7.853584260256332,141.743814856143,-0.9918046047605982,-0.109476457758508,0.0001377870358444318,1.366239151003944e-05,0.01257041292561315,0.004663544261479926,0.004663543671578584,2.695463411689389,-0.9918046047605982,-0.109476457758508,1373.894551713744,70.11177995371764,581.8919788363462,29.69476975224772,99.35275404913686,3.790808123499945,0.1934502940346253,0.6472459508631314,1959.57733867359,153.500773417965,0.006514625156168527,2.184621212376147,1.101059085372201,2,no stress
975.1086326,961.7045,179.8491149957214,17.64421209745714,17.6441139933948,10.19309414341267,64.08851277291652,11.66666666666667,2.666666666666667,12.48043626797569,254.0386723316933,0.5511119873786279,-0.2016986342942098,-5.796621732192761e-05,-3.466207815983194e-05,0.01966627788510796,0.007503894287761117,0.007503889544072868,2.620809559802001,0.5511119873786279,-0.2016986342942098,6153.993390025263,83.9396653737504,1168.544406354148,15.93879294747379,99.2432182665911,8.910765660887472,0.1215416787757924,0.7567817334088439,7331.448562040298,131.1384959300754,0.007625525921337481,2.085510174364075,1.082331503732032,2,time pressure
832.5586230333332,831.47702,61.93106940684358,14.53182068706665,14.53176671592943,4.261755683646878,72.47258404231152,7.666666666666667,0.1333333333333333,10.27893995851207,86.97849222123742,-0.146225456909022,-0.01493192415810653,1.782848403967966e-05,-0.001815086549188377,0.01756063741780645,0.007818584233299562,0.007818567472473562,2.246012435731679,-0.146225456909022,-0.01493192415810653,834.5838048292404,41.36954721686513,1168.927509926843,57.94265541122664,98.82689397871054,13.87553372507547,0.6877973719082195,1.173106021289444,2017.386848481159,84.24378716433736,0.01187031155246219,2.19841541285063,1.151338288059901,2,interruption
718.8391993199999,718.787835,51.60314726516673,8.616941169413291,8.616693010895563,5.98856905839596,83.90628095195116,0.9333333333333333,0.0,6.094955405720689,72.7229065284333,-0.2672768394442748,-0.07311163492804867,-8.481802055902775e-05,-0.0001687376551007191,0.01201073336782999,0.007066824290638944,0.007066784101167868,1.699594170430979,-0.2672768394442748,-0.07311163492804867,850.354629940844,72.73805695198875,291.6114346374986,24.9440038234273,91.49752744878896,27.09819912906761,2.31793922458395,8.502472551211067,1169.06426370741,10.76128466133729,0.09292570835829295,2.196005840644473,1.206304028240303,2,no stress
788.4707624,792.233825,69.82052630946447,15.37515062787594,15.37494885389557,4.541127953756516,76.71531382723494,9.866666666666667,0.4,10.87535873811876,98.14040126562793,-0.4623445314025147,-0.1810948362819116,-0.0001033200929424499,-0.0008008065681176875,0.01968790983525844,0.01137390255091889,0.01137386950700381,1.730972262784849,-0.4623445314025147,-0.1810948362819116,1414.527042234328,63.44961782917969,756.7701153651977,33.94546245550791,92.87307119488342,58.07331086026146,2.604919715312403,7.126928805116625,2229.370468459786,13.0312893161227,0.0767383775880695,2.203252045641243,1.251223153246331,2,no stress
794.2477295533333,814.8649949999999,129.2139862378132,18.54605310147116,18.54593022063989,6.967195959746464,77.73406677802542,13.26666666666667,2.266666666666667,13.11832944605038,182.2646918947179,-0.9691239282110988,-0.2177502579605294,9.516335094481098e-05,-0.0005473280296970375,0.02458820785217178,0.0157943086116527,0.01579430859772587,1.556776460226383,-0.9691239282110988,-0.2177502579605294,2039.31442476475,60.65423956065702,1203.899399480236,35.80693673141107,91.00583222076109,118.9821896467422,3.538823707931914,8.994167779238902,3362.196013891728,10.11831605263451,0.09883067447172983,2.12561471953795,1.245867911225116,2,no stress
729.1598428933333,719.705815,74.8641223903158,10.03396942735999,10.03396621061393,7.461067420255541,83.07736824940903,2.466666666666667,0.0,7.09745334072705,105.635693771663,4.886862685113775,1.46250048406435,-2.486730042828672e-05,0.0001590267175237301,0.01377703824810258,0.007351492550255034,0.007351459741095466,1.874046413557834,4.886862685113775,1.46250048406435,2344.280828761225,85.0792628192236,382.5382544074121,13.8831799867311,93.0462068899513,28.5889341085609,1.037557194045314,6.953793110048764,2755.408017277198,13.38064066868662,0.0747348370500824,1.95189377021149,1.144703160875833,2,no stress
940.75009408,940.313135,126.4465993567996,15.61808732290844,15.61794847295171,8.09616419363523,64.97332739309753,11.0,0.4,11.04724275903972,178.4809328898211,-0.3357832041130773,0.09382027837766978,7.15822806930105e-05,-0.0001531439828910734,0.0165002925668413,0.006584834867019809,0.006584834603434364,2.505802028458318,-0.3357832041130773,0.09382027837766978,3517.371223151722,79.15652210829758,919.9421293877086,20.70279617457695,99.32505641401873,6.25128303090086,0.1406817171254786,0.6749435859813138,4443.564635570331,147.1605308606764,0.006795300303358825,2.190496096969921,1.114973855019125,2,no stress
1026.406283,1025.17615,148.6572277707987,16.13110411457997,16.12988036487246,9.215564335514765,59.75278713303904,11.26666666666667,1.133333333333333,11.40935407576852,209.9232463939427,-0.9285362802413277,-0.07037948071871894,-0.0002271687664091293,-0.001597693607957285,0.01581391531262528,0.006092598104991611,0.006092581359173161,2.595594693775892,-0.9285362802413277,-0.07037948071871894,3350.704710188985,79.56972791025895,854.4379519355435,20.29047655108812,99.31574313822708,5.886831363254378,0.1397955386529153,0.6842568617728437,4211.029493487784,145.1439491317771,0.006889711944464826,2.224899551361064,1.101488976086713,2,time pressure
1176.027511806667,1247.2039,407.8047044309585,19.28879037530329,19.28783560527277,21.1420569406518,61.75026056066918,14.86666666666667,2.933333333333333,13.643110847556,576.5615486992209,-0.6186542856925459,-0.4801926970577513,0.0001328220892289036,0.0009154855299496781,0.02509731500507524,0.01568163811165076,0.01568163713385353,1.600426870355403,-0.6186542856925459,-0.4801926970577513,8383.081379844489,92.4751851928303,644.5128610989307,7.10973012054789,94.48378867442271,37.62835078645266,0.4150846866218232,5.516211325577439,9065.222591729871,17.12838451933893,0.05838262206636839,2.009381268828379,1.075630794560316,2,time pressure
1033.219582906667,929.62265,365.0177063464683,15.90483460992714,15.90345455626276,22.95011015824329,65.11884316680948,10.53333333333333,1.466666666666667,11.24919341965192,516.0904063633429,-0.5416727297153323,0.7212218425814415,0.0003017524009050007,-2.242263732481723e-05,0.01981484748895487,0.01031967897025262,0.01031965575519708,1.920103091004372,-0.5416727297153323,0.7212218425814415,6400.187993622227,92.66207609465518,469.6895105816766,6.800176059476791,92.6716622738981,37.14235048225203,0.5377478458680313,7.328337726101852,6907.019854686156,12.64565932105216,0.07907851813904446,1.948972873102533,1.096419699597307,2,interruption
803.0321814733334,806.7567750000001,69.92414522848699,16.02342099688359,16.02336229769789,4.363871188436391,75.3142812198267,8.066666666666666,1.333333333333333,11.3340092922754,98.23600360983592,-0.02295553768300307,-0.3451974713223437,5.837282032262033e-05,-0.001286737707136381,0.02028665690480649,0.01058896824768072,0.01058896644883918,1.91582942079837,-0.02295553768300307,-0.3451974713223437,977.4998500096551,44.60896015598065,1175.293635751795,53.63543223900405,96.83052058607478,38.4699881946967,1.755607605015306,3.169479413925213,2191.263473956147,30.55092270378747,0.03273223560858369,2.165656098729214,1.184485133875702,2,no stress
861.7524268733333,867.900895,58.03385899429986,13.81398564260109,13.81396925317527,4.201094491898751,69.95450224803339,8.2,0.0,9.771211120976126,81.48853301397608,0.5415330580683246,-0.3746634796707237,-1.640317856188864e-05,0.0006645762551984406,0.01637230522889088,0.009872312401661774,0.009872305135735145,1.658406314830047,0.5415330580683246,-0.3746634796707237,909.1113557777326,59.09860305809824,582.1029440402765,37.84076682152615,92.51705235221411,47.08154599751678,3.060630120375613,7.482947647785903,1538.295845815526,12.36371770950296,0.08088182078367764,2.110879199259429,1.277646901856036,2,time pressure
970.2548988866666,953.61097,182.7641159907047,15.18771364324394,15.1872385609678,12.03368198030287,64.1525373883686,10.93333333333333,0.6666666666666666,10.74258322167146,258.244150163083,-0.8591199295749155,0.1325412839307087,-0.000141555124070342,-0.001140458644388455,0.01530804018137229,0.005839333069725871,0.005839305064127191,2.621539137874684,-0.8591199295749155,0.1325412839307087,5356.843033841735,90.19573543024862,576.270010770147,9.702934564154027,98.96647010210245,6.018121943505206,0.1013300055973614,1.033529897897593,5939.131166555387,95.75578829738754,0.01044323291344344,2.204670508459066,1.095145341180344,2,time pressure
772.8799216866668,769.990325,44.21577272535928,10.95403879977432,10.95403840819795,4.036481295489862,77.88345212116768,1.733333333333333,0.0,7.748259747225125,62.04863887540791,-0.006398546159237295,0.316603805589744,1.563544507553264e-05,-0.001218058572080733,0.01418470289050756,0.006209882812535036,0.006209880572259845,2.284214262767545,-0.006398546159237295,0.316603805589744,552.990757908015,43.02360624321881,717.5940141929525,55.83001500047472,97.98797593052295,14.73462855986132,1.146378756306465,2.012024069477064,1285.319400660829,48.70119469097133,0.02053337718603008,2.168553491938918,1.140081996590415,2,no stress
794.2463238266668,793.1116999999999,49.24087461155573,12.08539683642686,12.08538912906485,4.074411066348912,75.83809869135366,2.6,0.2666666666666667,8.548512487248995,69.11042178483109,0.07072075835186409,-0.05955369669512067,9.011518842443878e-06,-0.001821638096078647,0.01526166612405116,0.006987087160366599,0.006987081207993988,2.184267316804219,0.07072075835186409,-0.05955369669512067,513.2713629496186,38.58412079923596,800.357702897252,60.16524692459374,97.96366624976243,16.63673344479639,1.250632276170299,2.036333750237577,1330.265799291667,48.10786357508099,0.02078662251212465,2.169253853821171,1.154087387113509,2,no stress
731.3690495066668,724.36057,74.83608573318483,23.09026289458676,23.08997687165824,3.241023546368078,82.90066979598575,30.06666666666667,1.666666666666667,16.33252794011891,104.566380767503,-0.4716795902524016,0.207687231114976,-0.0001742374734633527,-0.001377075405262317,0.03156637282783675,0.016922982941942,0.01692297964250031,1.865296025891659,-0.4716795902524016,0.207687231114976,879.5653420297705,24.69247636520419,2561.635141012309,71.91406044916903,95.49385901721665,120.8778157114004,3.393463185626791,4.506140982783348,3562.078298753479,21.19193770946601,0.04718775666999626,2.20282528878552,1.221680829545311,2,interruption
794.7363222866667,789.02457,64.66659036759023,13.92324298215133,13.92324145855354,4.644506344569901,76.00006339961999,7.266666666666667,0.1333333333333333,9.848504024184251,90.92053006898416,0.06951632122006579,0.1583850301303407,3.158169622411956e-06,0.0003098119874237986,0.01747214596197229,0.009832578677419157,0.00983256514331928,1.776964775486379,0.06951632122006579,0.1583850301303407,1067.963735385293,58.20108901670472,735.276811592604,40.07056583057201,95.86509525711331,31.71435408721688,1.728345152723266,4.134904742886698,1834.954901065114,23.1843539859124,0.04313253673609512,2.162643336754754,1.264732366955643,2,no stress
903.1259845466667,903.71715,90.01027107617458,13.148135614716,13.14766762721479,6.845858128770054,67.11400934033476,6.533333333333333,0.0,9.299907490702516,126.9535722974239,-0.3628085133977583,-0.006451392236560854,-0.0001286583454840926,-6.829791941716495e-05,0.01483174795001561,0.007082629726007563,0.007082627283039048,2.094101841234637,-0.3628085133977583,-0.006451392236560854,1839.931723696804,75.13291889159515,597.300584349285,24.39054437718491,98.08366438689556,11.66991862173487,0.4765367312199277,1.916335613104438,2448.902226667824,51.18292626624068,0.0195377652852096,2.189868113531225,1.180650494693596,2,time pressure
824.4886200200001,825.65574,59.69714740361137,18.69873580507189,18.69866467260053,3.192576654696568,73.16241083396504,18.86666666666667,0.4,13.22636505465802,83.38202494361678,-0.1717521387982726,-0.09336323083561181,7.384091678686136e-05,-0.001705824685034243,0.02275473324581342,0.01164771863164121,0.01164769862489459,1.953578547476227,-0.1717521387982726,-0.09336323083561181,742.7303776403978,30.87494440431984,1632.09540326794,67.84542056638618,98.14881157307316,30.78301279196523,1.279635029293972,1.851188426926835,2405.608793700303,53.01935240380169,0.01886103761479169,2.212361919893483,1.232276330898964,2,time pressure
754.0124569466667,758.10582,69.1808489497861,10.10534277350101,10.10525018883686,6.845967573826125,80.28475159131715,1.8,0.0,7.147875546538691,97.57503573146892,0.03864781708217802,-0.3578094551002646,-6.446225635025216e-05,-0.0007948451345331581,0.01320655353569732,0.007084503588156149,0.007084487431778491,1.86414663657959,0.03864781708217802,-0.3578094551002646,968.3122497298264,66.40702676269164,469.9081320927844,32.2263834962314,95.93191787037408,19.92689104074404,1.366589741076958,4.068082129625916,1458.147272863355,23.5816079453626,0.04240592932920223,2.158506890048047,1.19293528796853,2,no stress
1005.001278906667,1011.76885,99.13698582273643,22.52165929601472,22.52165003949565,4.40185088139927,60.35128282001899,27.8,2.4,15.9305260707793,139.2928650546865,1.285773339260228,-0.646593283056966,2.739843027583706e-05,-0.0001669028019779481,0.02280399706021688,0.01119187753993605,0.01119185873584006,2.037548836541968,1.285773339260228,-0.646593283056966,1812.188624953319,47.37718330171274,2004.936158491486,52.41630290639849,99.60755846067148,7.899202073148563,0.2065137918887825,0.3924415393285172,3825.023985517953,253.8150233308734,0.003939877107654102,2.118212420511184,1.229386698287825,2,interruption
895.4472488133333,912.4555,94.12470431950543,13.71243862327078,13.71230283042815,6.864184183823475,67.83024394632079,7.733333333333333,0.1333333333333333,9.699298113036846,132.7585912194879,0.09782138688017739,-0.6933038506305755,4.889644219785761e-05,0.001240248697649678,0.01573300709674918,0.006505655646190506,0.006505655508405737,2.418358418026922,0.09782138688017739,-0.6933038506305755,3136.291808573423,81.64118673264163,697.5598230408837,18.15826308457357,98.90760813422852,7.704247337016872,0.2005501827847938,1.092391865771457,3841.555878951323,90.54224150999062,0.01104456862700553,2.092197673024273,1.141438200178731,2,time pressure
721.7519776066666,716.051655,69.12325778009566,22.43601446542483,22.43591866125333,3.080906276229164,83.88241122636855,28.6,1.866666666666667,15.86988460118102,96.45826193236277,-0.4709589382580983,0.3727401014233691,-6.2896319927242e-05,-0.004250613036429334,0.03107760542209637,0.01771973235000663,0.017719728516875,1.753841695136255,-0.4709589382580983,0.3727401014233691,816.1680759712049,24.48327239693405,2373.046125010742,71.18623773662108,94.26552234995278,144.3600971719657,4.330489866444863,5.734477650047229,3333.574298153912,16.43837993669334,0.06083324535940581,2.19723791965338,1.239676539327162,2,no stress
883.9572035666667,889.27171,89.50333278402923,13.83171266995523,13.8316232763882,6.470878546981772,68.61162402017081,6.933333333333334,0.2,9.783698566458781,126.198147376489,0.5346739316310241,-0.1777591076455843,-6.00474412429313e-05,-0.0003250945542627356,0.01567845737023031,0.007233150946043395,0.007233147246190761,2.167583323946334,0.5346739316310241,-0.1777591076455843,3782.562546050828,86.4516574616956,578.3753084233999,13.21894970390542,97.56875917871359,14.41208919432269,0.3293928343989497,2.431240821286277,4375.349943668552,40.13126068156986,0.02491823040234683,2.104467231749029,1.155016515498623,2,time pressure
934.2673336400001,740.0425949999999,366.8724721770773,14.36491890853868,14.36477325497484,25.53947394433281,73.2986390667509,7.866666666666666,1.266666666666667,10.16081834314545,518.7365221894814,-0.85356488563367,0.8117264095300406,0.0001171383491070259,-2.599981435527501e-05,0.01779287938625406,0.008716988501505043,0.008716985158253865,2.041172749417074,-0.85356488563367,0.8117264095300406,4044.049813505395,85.22574206156528,671.287933988525,14.14696033666223,95.75411770671344,29.76592151732572,0.6272976017724846,4.245882293286569,4745.103669011246,22.5522308656828,0.04434151131015941,1.542958314431095,1.107558382040696,2,no stress
725.05560606,724.3952999999999,57.93810088180632,9.56175172143926,9.561715201548216,6.059360519882368,83.29394116995608,1.6,0.1333333333333333,6.763410009146992,81.65723086554493,-0.4416079228066425,-0.1095375887977268,3.400250283634658e-05,1.145509502188286e-06,0.01332139014291291,0.007830322430877185,0.007830321221486018,1.701256909981495,-0.4416079228066425,-0.1095375887977268,1113.587753282711,73.04418931234072,377.1737437043212,24.74017001136002,91.78047100132807,33.77832440923582,2.215640676299261,8.219528998671924,1524.539821396269,11.16614723497631,0.08955640463593816,2.202648197905237,1.193845542687863,2,no stress
813.0929748599999,819.9760699999999,77.05378080080847,14.5975656991414,14.5974569729884,5.278536325090191,74.54350979395224,6.933333333333334,0.8666666666666667,10.32540548616386,108.4802114348252,1.343086605610351,-0.8888302300323151,6.90755641472837e-05,0.0004488481068419808,0.01883257801887667,0.01003331108276474,0.01003331082540009,1.877005294017778,1.343086605610351,-0.8888302300323151,1176.603863555731,55.82444694600978,891.3641131801955,42.29113143945405,95.73424329915446,39.71768416041006,1.884421614536169,4.265756700845549,2107.685660896337,22.44249965783989,0.04455831637500628,2.049953123248144,1.187332135684948,2,interruption
890.5686554666668,887.87284,140.7234670627911,16.8681328454839,16.86803304803365,8.342563362041997,69.13675175831453,10.93333333333333,1.6,11.93148103106235,198.6550480726587,-0.0281178778409088,0.1654305640311404,7.402121326460342e-05,0.0002845649254990506,0.02026695133514854,0.009384543986421249,0.009384541915638808,2.159609605375961,-0.0281178778409088,0.1654305640311404,4845.195547676542,80.9987453775447,1114.18908716935,18.62626952535413,98.02652453981631,22.43091685495884,0.3749850971011786,1.973475460183711,5981.815551700851,49.67202608675508,0.02013205578233193,2.152066274389895,1.124935663877894,2,no stress
954.66020022,907.358885,169.5963261409405,16.24033668269841,16.23822643236333,10.44290703170085,64.80181074141102,12.33333333333333,0.6666666666666666,11.48599188204838,239.5702395363289,-1.088333438717583,0.3997965540506935,-0.0002608413247403316,-0.0007595454815147291,0.01705635879606968,0.007350589736392061,0.007350589320285332,2.320406852748875,-1.088333438717583,0.3997965540506935,1807.418038246707,61.56995760391209,1120.211481343722,38.16016657698874,99.2977477976276,7.922344638669707,0.2698758190991862,0.7022522023724306,2935.551864229098,141.3989838154559,0.007072186609948556,2.066842568438213,1.148714119483955,2,no stress
978.0289944133333,988.552185,89.88173068177663,18.2292081021167,18.22910826268042,4.930643732754356,61.89916176088376,13.73333333333333,1.266666666666667,12.89422772827137,126.4562766808921,0.3263120651905536,-0.3604262235605863,7.415242190212222e-05,-8.531907887137071e-05,0.01873621214056062,0.009134428234553288,0.009134428234549628,2.051164195443142,0.3263120651905536,-0.3604262235605863,1768.130862510752,57.89743950176334,1276.480603215117,41.79835331581528,99.27746156333147,9.290188175252911,0.3042071824213927,0.7225384366685571,3053.901653901121,137.4009416316658,0.007277970500964437,2.145096808004276,1.216384049156412,2,time pressure
783.4990397133333,792.4313500000001,44.99095247226962,7.428704126273712,7.42860331153195,6.056366185475929,76.85429671478492,0.5333333333333333,0.0,5.254568760117691,63.40947181509434,1.390230461972568,-1.255539296946498,4.699004347235937e-05,-0.0008828489068807292,0.009653982217656938,0.006193745788578429,0.006193739940866496,1.558666200905332,1.390230461972568,-1.255539296946498,190.6145876598328,48.05066331967684,189.1093900718838,47.67122886287024,91.76484611578624,16.97104059027962,4.278107817452923,8.235153884213773,396.6950183219962,11.14306391914463,0.08974192441649054,1.941903066951078,1.257973194828052,2,no stress
880.5384628666667,901.617845,106.7590432983385,15.01881298860082,15.0187100923662,7.108354260710743,69.29850652573258,8.933333333333334,0.6666666666666666,10.62337582976109,150.6058781652717,0.2860663462531883,-0.7463320309773256,7.57264928251696e-05,0.001105533264458612,0.01812176289449988,0.008170929667104502,0.008170921280455446,2.217833665544402,0.2860663462531883,-0.7463320309773256,3476.101948749499,79.39467370164361,880.8620622546816,20.11901752019275,97.63988800215006,21.29184254627924,0.486308778163639,2.360111997849945,4378.25585355046,41.3708705735574,0.0241715967330685,2.089124921287516,1.151069763225196,2,time pressure
1027.337756193333,1027.05305,72.44797236018641,18.6300067377117,18.62999365494352,3.888778645127054,58.69821512549387,17.66666666666667,0.4,13.17779110758161,101.6059211843956,-0.3032501657821931,-0.02684364799345769,3.226746515368068e-05,-0.001694526048915103,0.01833512243591256,0.00841037049186508,0.008410319168237384,2.18006120582288,-0.3032501657821931,-0.02684364799345769,1445.368478579873,49.70739119769368,1458.68393444615,50.16532049636702,99.74690454726726,3.701230353546076,0.1272883059392982,0.2530954527327304,2907.753643379569,394.1078493124896,0.002537376511897626,2.204694704251419,1.174324411274874,2,interruption
930.8662052200001,935.801615,79.59223641967392,13.9347577339134,13.93472922909302,5.711777552182921,64.93432098652333,7.0,0.0,9.856629815489663,112.1280297037763,-0.4471319161880269,0.03833794074636078,4.62186986923677e-05,0.0006436786747872812,0.01516363078103904,0.004641065837888416,0.00464096451211104,3.267273361486758,-0.4471319161880269,0.03833794074636078,2990.510955089153,78.48675230008132,817.2613440328782,21.44924049329483,99.7024753885761,2.438809697226686,0.06400720662384625,0.2975246114239098,3810.211108819258,335.1066485270393,0.002984124619417425,2.188597455238769,1.069235753941454,2,interruption
989.1940468600001,995.388505,84.21560094191302,21.04951041399629,21.04939947304089,4.000834189754656,61.12301388099765,21.66666666666667,2.0,14.88914029351623,118.1644971441722,0.8119309688311587,-0.382839894573711,-6.801586817078063e-05,-0.0006867481168119521,0.02146249402108656,0.01089596440110859,0.01089595567298348,1.969765431585193,0.8119309688311587,-0.382839894573711,1544.642296180137,48.17898177049143,1651.734458063351,51.51929643615441,99.41776174289383,9.673351876016755,0.301721793354161,0.5822382571061694,3206.050106119505,170.7509950256761,0.005856481245392617,2.135364757462041,1.230318879846134,2,time pressure
894.9558150866667,891.147705,81.71501337903453,13.84764170097812,13.84632748192804,5.901005755605492,67.60649953447569,4.8,0.9333333333333333,9.794099479770722,115.1466996420303,0.1198539419385134,0.1749900121323086,-0.0001822801298622727,-0.0007765356314554296,0.01580996578999811,0.007844906789332867,0.007844475627673141,2.015315951426695,0.1198539419385134,0.1749900121323086,1413.53899414547,64.3539906572399,771.2408079409972,35.11217161626411,98.5023913298042,11.72577543741076,0.533837726495975,1.497608670195786,2196.505577523878,65.77311769764711,0.01520377982684213,2.157044710216497,1.189675792473199,2,no stress
768.4083355933333,732.76335,143.6493364432222,14.50162731841358,14.49910828753044,9.905739079421942,80.49349319001621,8.2,0.6666666666666666,10.25583925567154,202.8917974742151,0.9472756998672693,1.191664028764106,-0.0003363463841758795,0.0004672528946834348,0.02028581341412803,0.01091216025574716,0.01091214751011242,1.859009851275233,0.9472756998672693,1.191664028764106,2504.110150784246,74.65228554159943,796.3968954939751,23.74210592462951,93.6656674257314,53.85797097078081,1.605608533771052,6.334332574268574,3354.365017249002,14.78698289480751,0.06762704786458859,1.656636282139464,1.194394281146916,2,no stress
960.9151492266666,979.068975,93.85547949731188,16.92346319263531,16.92310706149285,5.5458790218633,63.1043244371231,13.06666666666667,0.4666666666666667,11.9704372356786,132.1908116917637,0.2666195932327238,-0.7860996775057102,-0.0001212090021491767,-0.0002655237333176494,0.01780250849200873,0.008688372694021304,0.008688362308888479,2.049003779989676,0.2666195932327238,-0.7860996775057102,1882.812112152793,64.31872751051502,1035.738862416513,35.38186589826462,99.16088589242833,8.764575703335227,0.2994065912203732,0.8391141075717136,2927.315550272641,118.1733032464285,0.008462148154686728,2.081730126917777,1.217977640621814,2,time pressure
784.8070702466666,784.5404149999999,86.33752106198737,26.36014612939103,26.36011521658951,3.275305100290122,77.39493151679183,38.8,3.8,18.64563661855166,120.6676233351231,-0.7485555006708688,0.0696936534830373,4.13855029048678e-05,-0.001940414893546558,0.03388020066070902,0.01813346939679673,0.0181334235588323,1.868379399404614,-0.7485555006708688,0.0696936534830373,1562.980640517691,32.13447922703639,3175.032493632181,65.27784994060781,96.18706111309075,125.8610536809816,2.5876708323558,3.812938886909244,4863.874187830853,25.22648905895779,0.03964087105672382,2.22882471452016,1.219064414542214,2,interruption
844.92033568,851.712775,56.16357666264176,8.870280375523516,8.870202916324134,6.331657431891158,71.34820937853495,1.4,0.0,6.274273801599692,79.1790892555821,0.9880464052563998,-0.7553388394595341,-3.785759220134942e-05,-0.0002879343693737594,0.01072787434039259,0.005901297906757623,0.005901297454360463,1.817883880782907,0.9880464052563998,-0.7553388394595341,938.2386271798069,79.6536487139664,221.5471818713621,18.80869203967315,92.44257987713037,18.11205542581241,1.537659246360435,7.557420122869571,1177.897864476982,12.23202870479426,0.08175258774597681,2.049980759963522,1.210974855640254,2,no stress
767.5889279933333,773.93574,75.41650528345585,12.18751170034587,12.18729200430778,6.188015005664823,78.95523297677202,3.866666666666667,0.2,8.620592748148972,106.3060859923345,-0.3032272669438085,-0.1812725937605251,-8.878975483961682e-05,-0.0001093137238434479,0.01621611889701082,0.007426255318346854,0.007426239926289424,2.183619900186877,-0.3032272669438085,-0.1812725937605251,1795.164328315951,68.65738448515,798.2918530005269,30.53126102067556,97.41133762818865,21.21424602004492,0.8113544941744403,2.58866237181139,2614.670427336523,37.62998940646943,0.0265745490703773,2.175688962870338,1.131293802168954,2,interruption
1111.853019593333,1105.3748,138.0796433282548,18.51359770831011,18.51270987085455,7.458282582551509,54.78528293707129,18.2,0.7333333333333333,13.09483127218622,194.8345482640825,0.9904973848909098,0.5532733346015208,0.0001508011757098913,-0.0002570069905445796,0.01706618449110805,0.005696432188173231,0.005696416498405702,2.995942710691855,0.9904973848909098,0.5532733346015208,5304.213984215946,85.42420287662225,904.6692140298546,14.56966983336064,99.95796257339995,0.3804595922426214,0.006127290017107935,0.04203742660002129,6209.263657838043,2377.832580583069,0.0004205510548412074,2.084866056568449,1.085961180676546,2,time pressure
798.9027176133334,798.800035,44.97473249460161,10.30279322849217,10.30278084578563,4.365295070682857,75.3464189129666,1.6,0.0,7.287597426364645,63.18499861259151,-0.1816606230260467,-0.2469307863892512,-1.068282987177266e-05,-0.0004928212525133449,0.01303668700242269,0.007471673168442042,0.007471661390930696,1.744814944192886,-0.1816606230260467,-0.2469307863892512,462.0359391335363,55.90672826207028,347.5111416659684,42.04913367041351,95.36405898916817,16.89358832296808,2.044138067516202,4.635941010831824,826.4406691224727,20.57059370823553,0.04861308400640112,2.187669307303111,1.292444612416888,2,interruption
881.7215803466668,877.80373,82.68357001954891,13.75812140417909,13.7580704423974,6.009800872554695,68.65099593571729,5.066666666666666,0.9333333333333333,9.731671501949068,116.5265638047113,0.5443937407938124,0.2575508014564027,-3.588723965059436e-05,-0.0005104967374808468,0.01613089776040764,0.008068786161231042,0.008068782583983117,1.999172792298485,0.5443937407938124,0.2575508014564027,1464.622407524924,64.67869073207851,781.6583957085157,34.51854988317417,97.72726605727387,18.17815681554471,0.8027593847473165,2.272733942726114,2264.458960048984,42.9998708692014,0.02325588379188014,2.128443069078831,1.183226035832065,2,no stress
974.34971168,978.92062,170.8939782983981,16.88707433051942,16.88589275810313,10.11980968127483,63.44931189888505,11.33333333333333,1.466666666666667,11.94411396765356,241.3852559267746,0.8648709514853463,0.6207915383073959,0.0002233476910510259,-0.0001868043107071527,0.0189160050118914,0.009015570736511649,0.009015569098164302,2.098148366279746,0.8648709514853463,0.6207915383073959,5539.369723257329,87.08871490062864,793.421919084674,12.47399952687088,96.61315222199094,27.81401084503578,0.4372855725004633,3.386847778008979,6360.60565318704,28.52598007188464,0.03505576311418675,2.112216539914765,1.124083532077167,2,time pressure
825.8347202,834.2406149999999,80.54875625614069,19.1627806569346,19.16276823396684,4.203396036211052,73.39101959718182,16.93333333333333,1.266666666666667,13.55464534810552,113.1038277792109,0.2539770622459709,-0.3313752546572028,-2.867021256108291e-05,-0.0007183926289365143,0.0236349281651028,0.01220822779222379,0.01220822214221728,1.935983548747134,0.2539770622459709,-0.3313752546572028,1447.959658159193,45.43293643438188,1696.807251990241,53.24108001674397,97.56999284508022,42.25944516981639,1.325983548874141,2.430007154919774,3187.02635531925,40.15214220564774,0.02490527142682169,2.134702764840146,1.213086938653247,2,interruption
717.17514676,680.9371699999999,130.9113247168195,9.709195600276724,9.709155866320963,13.48323075426437,85.68249292245036,2.666666666666667,0.2,6.867701095720856,185.0091472330083,5.267998621555009,2.462260025859882,4.193124269881757e-05,-1.272822719388682e-05,0.01360283068105981,0.007164636068642522,0.007164626863406172,1.898607347356462,5.267998621555009,2.462260025859882,1691.868595167748,79.32409374401853,416.3343814774606,19.52004286828293,94.40961197353008,24.65290019274657,1.155863387698539,5.590388026469951,2132.855876837955,16.88784598251671,0.05921418285287885,1.078558545080226,1.154494338626253,2,no stress
787.2952478866667,787.24615,55.94719728101452,11.85357547646965,11.85345891051651,4.71985835768072,76.60337642972763,3.866666666666667,0.0,8.384458326621049,78.67578169786857,-0.0846444426648909,-0.09538538021207371,6.66273428956244e-05,-0.0004004889564626595,0.01534810020368364,0.009733783134575626,0.009733775132811102,1.576786742778894,-0.0846444426648909,-0.09538538021207371,695.1441488055935,60.80691324516615,404.3352029992622,35.36874424245307,90.24230335236581,43.71985319812836,3.824342512380792,9.757696647634214,1143.199205002984,9.248320234903527,0.1081277436983595,2.174021545610225,1.288817751031557,2,interruption
780.9953752333332,774.832895,52.17811231967087,12.07148146833822,12.07145187712364,4.322428233562436,77.16123586088064,3.2,0.0,8.538654073011358,73.29530815208996,-0.02867653344097931,0.4708623068265927,-3.318105398044065e-05,-0.0009462122125650462,0.01538289976760229,0.006393588023742757,0.006393575281099562,2.405988579570264,-0.02867653344097931,0.4708623068265927,645.6631420899861,40.19438071681456,945.3176623743767,58.84873325246943,98.40000648403111,15.37095559617998,0.9568860307160029,1.599993515968883,1606.351760060543,61.50025328349195,0.01626009563554794,2.155231500954852,1.131111751028746,2,no stress
747.3771725133333,750.172865,86.32027576597056,13.29938261126848,13.29903653361374,6.490547590745452,81.4525971969081,5.4,0.4,9.406977190545337,121.7123198232741,0.2913082218684329,-0.3621808561856694,0.0001511039631907002,0.0002608894169160616,0.01759880567982909,0.008124021463283644,0.008123982109358545,2.166267747982516,0.2913082218684329,-0.3621808561856694,2087.468787372726,67.36388045190422,982.9515104785754,31.72043981804189,97.19427510766268,28.37504079180949,0.9156797300538808,2.805724892337294,3098.795338643111,34.64141312397008,0.02886718265277843,2.135733557023662,1.131670574981204,2,no stress
671.18418368,664.611695,102.4356558370492,12.45215885053287,12.45204041113289,8.226337060634721,91.69243217147257,4.933333333333334,0.5333333333333333,8.807860616610142,144.5978864468327,1.766796540952062,0.1310047434595047,9.527038409571354e-05,0.0006574271174710338,0.0194431278635549,0.01027877330493769,0.01027868805929525,1.891580569659501,1.766796540952062,0.1310047434595047,2315.663971029713,77.22149664500982,630.3490882266433,21.02053692187196,92.28234442921337,52.71666191818824,1.757966433118225,7.717655570786658,2998.729721174544,11.95730278227577,0.08363090056415512,1.918507857345702,1.159329806098489,2,no stress
749.2148057133335,753.300655,68.46238663997518,9.821266944875793,9.820851934323983,6.970830446238421,80.78885032069809,1.666666666666667,0.0,6.946708500604831,96.57090664320455,-0.07052367276737348,-0.3066753433883424,-0.0001022753465728149,-0.0006723806018921046,0.01288213611579726,0.006674486722211912,0.00667448277829694,1.930056445078692,-0.07052367276737348,-0.3066753433883424,976.3305451972025,66.72463301993837,469.0397321331471,32.05523390854587,96.33322429697967,17.85327446567076,1.220133071515759,3.666775703020358,1463.22355179602,26.27191628264283,0.03806345868499413,2.173958973750335,1.176097767742593,2,no stress
891.8525527400001,901.92207,104.9625508535667,15.57679484385847,15.57649419869696,6.738392070108741,68.27838955961792,9.8,0.8666666666666667,11.01792037832594,148.0299955884348,-0.3571809264731036,-0.2970941936022483,9.528915471029793e-05,0.0002466318936575429,0.0175526844846655,0.008112864869374084,0.008112863652602786,2.163561795652059,-0.3571809264731036,-0.2970941936022483,3244.202741809449,77.54059939324412,922.4309769688682,22.04728142642787,98.16504817940668,17.24255661207738,0.4121191803280198,1.834951820593345,4183.876275390394,53.49734367830121,0.01869251688482628,2.156375898715684,1.178064351419749,2,no stress
1092.15738364,1090.05705,73.74768592477501,11.64170053699565,11.64131089353147,6.334786373383808,55.19515206520455,2.733333333333333,0.0,8.23439696302124,103.9694044667656,0.6239369288543593,-0.1913172803175056,9.173750880608723e-05,0.0001469797224797233,0.01070869622178476,0.00399457289485252,0.003994564631198338,2.680811316670221,0.6239369288543593,-0.1913172803175056,1316.067574844041,73.59524229155646,472.0759223766265,26.39875227640568,99.97725625016457,0.1073921918301435,0.00600543203786274,0.02274374983544106,1788.250889412497,4395.812342886937,0.0002274892379375897,2.103103775797256,1.138021374212902,2,time pressure
717.6964483266667,711.46494,82.68420498863516,19.10314544873072,19.1020509263859,4.3283031692631,84.72642190561841,20.0,0.7333333333333333,13.5116974002567,116.1498581254802,-0.6651035509805197,0.1422971552901313,0.000266510572175419,-0.0003011830922662719,0.02636317928898282,0.01372439196732805,0.01372436370585569,1.920899618120959,-0.6651035509805197,0.1422971552901313,1170.00468257241,36.02044523796536,1987.307481009808,61.18240495698399,95.62805678242938,90.85613318061912,2.797149805050662,4.371943217570633,3248.168296762837,21.87312415177415,0.04571820619044441,2.205566142906456,1.198654533328557,2,interruption
702.8157677400001,692.67512,68.14714185653943,19.83539650014573,19.83539649337207,3.435632953242893,86.13141648829172,21.6,0.6,14.0304240767336,95.34785307838679,1.018333632565426,0.8634274106143017,-1.133339189400221e-05,-0.003021434501541187,0.02800131855087679,0.01603508459185935,0.01603508424979087,1.746253248024175,1.018333632565426,0.8634274106143017,957.3086144543481,33.8151325113895,1760.836497337147,62.19824891295391,93.97654067020285,112.8614327841047,3.986618575656594,6.023459329797156,2831.0065445756,15.60175565647383,0.0640953506783743,2.089175218219055,1.235007489950397,2,no stress
993.89219046,1005.0189,95.27343977220802,21.36992098412755,21.36991879378279,4.458296305492759,60.99682417820376,25.86666666666667,1.133333333333333,15.1158573140859,133.8863977770606,1.084607478785726,-0.8818723819946075,9.761589462073932e-06,0.0002742013002536437,0.02151157815252732,0.01118825510649719,0.01118824730777142,1.922692854941716,1.084607478785726,-0.8818723819946075,1698.475031338881,49.71596936764787,1705.998672374358,49.93619345122365,99.30825517216059,11.88336010807956,0.3478371811284737,0.6917448278393965,3416.357063821319,143.5619771561446,0.006965632682199371,2.089189589235589,1.241957570095086,2,interruption
1005.811485873333,878.73789,381.520937005965,16.6117578746251,16.6116075412455,22.96692137493458,67.94479432255166,11.53333333333333,1.733333333333333,11.75010030567421,539.4241243127949,-0.6280736107957865,0.7370020712119906,0.0001187447336222355,-5.540633258438448e-05,0.02154554399125985,0.0123949982754684,0.01239499076626003,1.738245017258436,-0.6280736107957865,0.7370020712119906,6477.7958088775,91.17869814876947,575.7772118813193,8.104395098579694,91.87300508766945,50.9326811192265,0.7169067526508236,8.126994912330535,7104.505701878046,11.30467117043187,0.08845900822091736,1.834958090448264,1.116833366523204,2,interruption
804.7181897533333,808.3386049999999,74.54181910881414,19.98738233230838,19.98737499557224,3.729443799567583,75.23369854145325,21.86666666666667,0.9333333333333333,14.13792496975219,104.465710497043,-0.1802421110498069,-0.2824572330668104,-1.166359657880857e-05,-0.0004239120000416411,0.02500517039925015,0.01382148450307327,0.01382148086786384,1.809152294291553,-0.1802421110498069,-0.2824572330668104,1151.263486003664,41.08939839415587,1591.733911223302,56.8100956999639,96.43441783206664,58.85303377717253,2.100505905880227,3.565582167933335,2801.850431004138,27.0459109593207,0.03697416594708469,2.196509689500479,1.263782344491386,2,no stress
966.4096223933334,968.22696,58.51515911025058,12.3165066188147,12.31650385694263,4.750954221131405,62.31720761376675,3.466666666666667,0.2,8.711989816456285,82.29306729508777,0.4011720290350178,-0.09753305455104719,-1.237238959834319e-05,0.0001259706228735886,0.01272699853272413,0.005999997218986228,0.005999995025786168,2.12116740528665,0.4011720290350178,-0.09753305455104719,1038.645614844976,63.49866096571183,594.017484994463,36.31586592025234,99.49187312317063,3.033777935395649,0.1854731140358189,0.5081268768293445,1635.696877774835,195.8012411073174,0.005107219925393152,2.146541609253279,1.185010719655836,2,no stress
833.67743752,843.03566,79.07134956686909,19.27675198239451,19.27645698206409,4.101902106697492,72.67497455649142,17.0,1.266666666666667,13.63506226082468,110.9893766168432,0.3903804469207146,-0.5568936024459502,0.0001101707745472226,-0.0005846664673769574,0.02359882301277876,0.01229540730876864,0.01229540686247719,1.919320151024922,0.3903804469207146,-0.5568936024459502,1042.26287310449,38.86893868530603,1600.213784143401,59.67651066183165,97.62060297730724,39.00348694371236,1.454550652862317,2.379397022692765,2681.480144191603,41.0274544543348,0.02437392261596536,2.131466819782875,1.224784172926155,2,interruption
883.2771936666668,901.9900150000001,89.28903437261437,17.04052949285137,17.04040979479873,5.23980398672892,68.75148572883208,12.86666666666667,1.0,12.05341047466535,125.6971702717171,1.69332956385013,-1.171547920305803,9.796970710392563e-05,-0.0005589072539037709,0.0202687773119522,0.008417811497564055,0.008417809993717211,2.407844048042366,1.69332956385013,-1.171547920305803,2017.461319107746,57.88251474602393,1455.528191808249,41.76022173394395,99.15174536685237,12.45221178719744,0.3572635200321158,0.8482546331476154,3485.441722703193,116.8891291509135,0.008555115495033912,1.995309705003629,1.151254376896994,2,interruption
746.93019308,749.68209,69.14047845056776,10.47092670235934,10.47090128847457,6.603090673434743,81.03527500977775,1.666666666666667,0.0,7.406516204100299,97.4984873650112,-0.589192600250457,-0.0629373504281712,3.05173812523648e-05,-0.0006921893707614634,0.01391187123834245,0.006706729226953447,0.006706725258686392,2.074315328317193,-0.589192600250457,-0.0629373504281712,933.9891385217877,59.03437488184588,627.7995559959548,39.68114061580925,96.86448211484598,20.32196624747537,1.284484502344878,3.13551788515404,1582.110660765218,30.89265813901976,0.03237015071671429,2.193649920007446,1.147010101674955,2,no stress
765.5177726133332,733.20184,211.0426947663697,17.64475897039376,17.64408594190616,11.96064480792736,84.29857880720917,12.06666666666667,2.133333333333333,12.48041642595833,298.1983857004208,-0.07124402688573594,0.6767592366910369,-0.0001979913844316921,-0.000233405273272967,0.0261772890230805,0.01571521937144828,0.01571513991229548,1.665728514782295,-0.07124402688573594,0.6767592366910369,7188.231947014747,86.74334436408078,992.3131101836694,11.97464946430971,90.32933941396291,106.2370581465548,1.282006171609499,9.670660586037055,8286.782115344971,9.340555240288813,0.1070600166986518,2.085875358696713,1.129043975667953,2,interruption
828.3094334933332,823.5082500000001,63.68280352597566,10.62351168299886,10.62350568950952,5.994515319062459,72.85721414746276,3.066666666666667,0.1333333333333333,7.514459822127384,89.74704353591638,1.992961469715671,0.569404323753634,7.258644110094312e-06,-0.000795653087177292,0.01292860123276873,0.006207254223447397,0.006207233717273024,2.082821287378885,1.992961469715671,0.569404323753634,937.4952786177149,64.07877901074608,514.5028219958187,35.166803911467,97.89980112866262,11.03738959219579,0.7544170777869329,2.100198871337425,1463.035490205729,46.61453849192823,0.02145253460297928,2.076799715276609,1.172057980048393,2,no stress
718.4726245866666,714.325945,50.64212024404915,9.489768115639235,9.489730340154768,5.336497122684212,83.93368883786256,1.8,0.0,6.712492038699946,71.30351419289133,0.2318973157358202,-0.05286517045526906,2.832262576135963e-05,0.0001195269165836536,0.01326388649686186,0.007646246711367106,0.007646245695760167,1.734692457299793,0.2318973157358202,-0.05286517045526906,1049.371061734378,74.01519110929686,334.8223442125222,23.61599313935105,90.88384385924961,33.58454747997295,2.368815751352081,9.116156140750366,1417.777953426874,9.969535674470007,0.1003055741663878,2.137692731481796,1.180817086559569,2,no stress
885.9412313133333,890.700855,63.99829126535027,11.85344793147683,11.85341996455092,5.399128729068171,68.08560401200825,4.6,0.0,8.3844307784743,90.11805529576296,-0.2414035355622395,-0.1017471302497858,-3.468242264014078e-05,-4.459951718822295e-06,0.01354753043076352,0.004544308292807146,0.004544293996975312,2.981208482753452,-0.2414035355622395,-0.1017471302497858,1843.902387811265,75.35587050862954,598.643520719277,24.46512566302363,99.27364515590003,4.380091216361227,0.1790038283468434,0.726354844099989,2446.925999746903,136.6737565836818,0.00731669359938699,2.185277549013407,1.081027301647518,2,no stress
696.4017987866666,648.18341,167.6815754357426,16.89937186360405,16.89600098053113,9.922355504637192,91.0602138747195,8.933333333333334,2.6,11.95126394559195,236.8362066309289,-0.135967021224892,0.7093873168230301,-0.0004342911078994152,-0.0005771900733450408,0.02718399854182001,0.01626927720955034,0.01626927146388478,1.670879301623955,-0.135967021224892,0.7093873168230301,3197.133753128038,72.78227357148293,1070.90177436699,24.37891934733934,89.5700065593892,124.7013248210527,2.838807081177731,10.42999344061083,4392.73685231608,8.58773373822405,0.11644515660156,1.952833773038048,1.159933189136855,2,no stress
1022.130687033333,1016.6207,127.2825735638451,21.27935092163881,21.27934626142923,5.981506392397166,59.64941295875411,22.13333333333333,2.4,15.05179148918299,179.3743310483343,-0.5154473648530464,-0.0148479616944431,1.176576546422198e-05,0.000269764874354295,0.021013677497437,0.008761539110202951,0.008761516095175658,2.398400239173303,-0.5154473648530464,-0.0148479616944431,2827.253040718195,63.13279012078882,1646.595630606016,36.76861422154506,99.73256544775384,4.415373887401662,0.09859565766611737,0.2674345522461516,4478.264045211613,372.9232614488729,0.002681516824975795,2.203985204177312,1.137745870722733,2,interruption
775.6264953533333,770.314335,61.22350581847761,14.71512008408975,14.7150466985948,4.160584858880871,77.8320280207846,10.13333333333333,0.06666666666666667,10.4085817270762,85.95520202897029,0.3028428358628017,0.418852198805959,-3.911932745198255e-05,-0.001137410961546584,0.01962100990996924,0.0130857825001655,0.01308576880781166,1.49941433840285,0.3028428358628017,0.418852198805959,611.8783515818745,48.1481938568492,567.2960636631005,44.64005104423693,86.09160290578134,91.64864698881914,7.211755098913879,13.90839709421866,1270.823062233794,6.189901131135182,0.1615534689189143,2.066105030166935,1.346978147032655,2,interruption
576.91061576,568.95146,54.12062542492232,9.768296833596423,9.768289870318275,5.540436203656657,104.8508052388517,2.533333333333333,0.2,6.909529105244879,76.22560331222881,1.691135630283179,1.133540324663768,-5.96835903969466e-06,0.0006801076608746561,0.0160390209215256,0.009305734537253885,0.009305734497187594,1.723563127372286,1.691135630283179,1.133540324663768,473.3481527156816,41.34588648004551,631.1701058844958,55.13127578037366,93.99387778935176,40.33118837958546,3.522837739580826,6.006122210648252,1144.849446979763,15.64967786081842,0.0638990788752059,1.993088004620373,1.197976457867832,2,time pressure
864.5183085733332,878.55313,89.22119998252735,19.30539512772835,19.30538535641887,4.621568188178594,70.2597387126285,12.8,2.466666666666667,13.65552453694725,125.4367238980081,1.014522225592031,-0.9838487889437196,2.844176650919052e-05,-0.0005460264312498281,0.02367312096457851,0.01254586717865254,0.01254586690583124,1.886925839997699,1.014522225592031,-0.9838487889437196,2353.971503500908,60.1309474036965,1524.769965997019,38.94943608779649,97.69340767181342,36.00061446963709,0.9196165085070106,2.306592328186584,3914.742083967563,42.35399835419501,0.02361052176555496,2.063174306677074,1.156014197794507,2,interruption
835.6589910000001,833.29838,111.9193788824911,14.55168585527208,14.55141044698584,7.691162384593578,73.13536285206456,7.8,0.1333333333333333,10.29283480942986,157.9428766689747,-0.8074269581592337,0.02535865423550356,-0.0001182859112755658,-0.000727999242568171,0.01692878602513211,0.007968193577766186,0.007968165829466257,2.124545025157126,-0.8074269581592337,0.02535865423550356,2213.769233807459,68.6179505093383,998.8051256908948,30.95894533020333,98.65176377156544,13.65029072081044,0.4231041604583595,1.348236228434545,3226.224650219164,73.17097826848293,0.0136666206146752,2.215218727504464,1.174727832168515,2,interruption
899.1450027000001,899.261565,80.38314405235265,10.33471273426497,10.33465987448158,7.777975655369749,67.29290793525104,1.6,0.0,7.310146826469045,113.4436487814898,0.2031914908317622,-0.3028453890446981,-1.982806322637379e-05,-0.0007671382685465434,0.01166593646594006,0.006071015048196078,0.006071013838774285,1.921579237298454,0.2031914908317622,-0.3028453890446981,604.0315156459162,55.82882105412623,468.1454349039655,43.26927823395317,97.95816925550989,9.757978830600235,0.9019007119206026,2.041830744490131,1081.934929380482,47.97565592537454,0.02084390469940601,2.140858115878149,1.212534860402275,2,time pressure
734.02337688,730.121665,43.58381920576102,10.56103828725859,10.56101991012853,4.126849843764216,82.02705655966597,1.133333333333333,0.0,7.470260958556724,61.18246312736999,0.4385603151594815,0.326093094839437,3.076547118353046e-05,3.369039442401827e-05,0.0143253545354453,0.009273382683515888,0.009273382261297626,1.544781987797146,0.4385603151594815,0.326093094839437,429.735079189559,51.02939694352795,370.4467052423521,43.98912931167889,89.82762426052092,41.95060381702012,4.981473744793162,10.17237573947907,842.1323882489312,8.830545249316655,0.1132432903933519,2.149178042301741,1.295732404963129,2,no stress
834.3349343133333,837.9178850000001,62.9978753768919,12.78566050347869,12.78566040080667,4.927228856088552,72.33713135988761,4.666666666666667,0.2666666666666667,9.0438443004837,88.6322372744444,-0.1817863290677755,-0.2181925388126106,-2.080303323935982e-05,0.0006565867097667543,0.01568797165233975,0.008266219681425352,0.008266216561060172,1.897841124110394,-0.1817863290677755,-0.2181925388126106,1943.247069433533,75.77739880183294,588.0529575103735,22.93127012966535,94.66890009897277,33.11508911907551,1.291331068501712,5.331099901027261,2564.415116062982,17.7578551999618,0.05631310700191717,2.186987627808741,1.192765758616462,2,time pressure
828.31865904,823.5082500000001,63.6570112270546,10.55029953236975,10.55029951881765,6.033668620662974,72.85613464605696,2.933333333333333,0.1333333333333333,7.462677967391893,89.71476240997194,1.995062385933804,0.5670327232058028,-1.482062192600047e-05,-0.0007850522573650297,0.01284258165905105,0.006053921616340497,0.00605383589049461,2.12136569862201,1.995062385933804,0.5670327232058028,1010.441496468723,64.5720973892954,543.5856394876173,34.73775075062282,98.05195394244632,10.79968138695336,0.6901518600817866,1.948046057553675,1564.826817343294,50.33348855497719,0.01986748840004883,2.077197230809793,1.170431944829377,2,no stress
679.34413112,661.757745,81.15846029997165,18.30784656577773,18.30770495654951,4.432987790692903,89.50882371671044,16.13333333333333,0.9333333333333333,12.94982253054221,114.0425072196837,0.1642023254418499,0.7970765932160181,-7.991118173042906e-05,-0.001613917968634473,0.02642407937424148,0.01586750305855893,0.01586750150127992,1.665295369833777,0.1642023254418499,0.7970765932160181,893.0412961089028,32.49657053768711,1743.450412369837,63.4418134428882,93.98309678222752,111.6176499325417,4.061616019424691,6.016903217772495,2748.109358411281,15.61984518956926,0.06402112107153198,2.075076609999695,1.224505914064803,2,no stress
806.3679388733333,803.79213,89.64427406551634,12.63041487411438,12.63015288765548,7.097492438608594,75.30662174225273,5.4,0.1333333333333333,8.933847187123321,126.4609746914199,0.1057991328543451,0.5090436584063959,0.0001042772424205393,0.0008189252928987068,0.01581819318867258,0.007970217003862237,0.007970206075474932,1.984662799144282,0.1057991328543451,0.5090436584063959,2357.987191760906,78.56762907289601,612.5082665810928,20.40864448330107,95.22345685745721,30.72428009905407,1.023726443802926,4.776543142542818,3001.219738441053,19.9356425799526,0.05016141295618962,2.136629779768628,1.162202388585782,2,no stress
1072.529245346667,1105.09015,162.3899854513368,17.59989318595089,17.59770480439218,9.226759715846717,57.38190001260716,16.26666666666667,0.5333333333333333,12.44760906419474,229.3165318470427,-0.8155119549061633,-0.4064167427424122,-0.0002565215655411709,-0.0002188524850491531,0.01628804637168822,0.006505335822820579,0.006505331629542308,2.503797930700225,-0.8155119549061633,-0.4064167427424122,3382.97688750403,76.73649019491641,1022.354345165324,23.19019218644177,99.68483853358275,3.232253764565795,0.07331761864181204,0.3151614664172064,4408.56348643392,316.2976732746297,0.003161578742097595,2.153735774999759,1.129113222123625,2,time pressure
878.6899931799999,895.51341,78.86134255493623,13.36654564534481,13.36613571314873,5.899904481484446,68.88741739010092,6.466666666666667,0.4666666666666667,9.454439309308196,111.1253178914715,0.1669919600681857,-0.7647118938180099,0.0001317853721586428,7.262364163315951e-05,0.01513867978886061,0.008043780656597851,0.008043775918483176,1.882035380520132,0.1669919600681857,-0.7647118938180099,1770.481705317154,74.2058374721322,600.2805945224251,25.15943774003954,97.5392696423367,15.14393830786221,0.6347247878282449,2.460730357663265,2385.906238147442,39.63834125042494,0.02522809906908705,2.065255779176277,1.213137685527222,2,no stress
805.4522200133333,807.481485,63.22619450993559,13.96036964545951,13.96036879145074,4.528977105595436,74.97184811956109,6.866666666666666,0.4666666666666667,9.874765774261187,88.86839902529975,0.2246046051523312,-0.2974283751763141,-6.28084643770165e-06,0.0001268440694048149,0.01789598084405879,0.008822548348526018,0.008822545951232993,2.028436698456707,0.2246046051523312,-0.2974283751763141,1464.926257076007,62.54054764461316,844.0907707277096,36.03587471252185,96.19968378245584,33.34534708377979,1.423577642864988,3.800316217544145,2342.362374887497,25.3135997837102,0.03950445644019068,2.170336488545522,1.16239213400341,2,no stress
1131.04547086,1121.31215,140.7003718406641,18.14120646131117,18.14120607011084,7.755844251082677,53.84198840844692,17.06666666666667,0.7333333333333333,12.83205074887809,198.5661797632732,0.5118745448180624,0.6457322488380665,-5.862324176836116e-06,-0.0002187660933033364,0.0164391364188102,0.005524908573946288,0.005524906678222905,2.975458543573361,0.5118745448180624,0.6457322488380665,5127.822375238422,85.82813875774606,846.3748777880528,14.16639952324514,99.9614608207389,0.3263116892189706,0.00546171900879428,0.03853917926115422,5974.523564715693,2593.762055578999,0.0003855403767084458,2.098596480172634,1.08203215781553,2,time pressure
706.6987555733334,717.177065,73.0847934058367,16.96101709107795,16.960997216852,4.308986484323615,86.00385686308944,9.733333333333333,1.533333333333333,11.99723856270022,102.6588540809672,2.611659608591109,-1.217482133127267,-5.85079213424556e-05,0.0001950367659379866,0.02533378010617287,0.01531580393425299,0.0153157949794551,1.654094046575982,2.611659608591109,-1.217482133127267,1021.916169696275,42.53703283934134,1269.326408850178,52.83542891111183,91.94692081143518,111.1726852448966,4.627538249546852,8.053079188564842,2402.415263791348,11.41761041441109,0.08758400082891414,1.987347557868895,1.257002693784544,2,no stress
756.7873715333333,765.9303150000001,67.0216737408679,10.56783697961155,10.5676370996514,6.342042734967649,79.95641888749603,1.666666666666667,0.2,7.474941579649073,94.4877492082202,0.1188281569034655,-0.6302942585336239,9.359349464608769e-05,-0.0001522156750482158,0.01428690733760048,0.007344444894076382,0.007344442721536468,1.945267143215071,0.1188281569034655,-0.6302942585336239,1335.077006862518,69.78261024191332,553.037932567364,28.90652022240694,95.66187037936017,25.07948283985828,1.310869535679754,4.338129620639859,1913.19442226974,22.0514089584189,0.04534857622411537,2.112922671519956,1.152267018077569,2,interruption
1103.839349813333,1225.26185,382.8080849646506,19.57676121871185,19.5710559245098,19.55420923246258,66.5153654033961,13.26666666666667,2.666666666666667,13.8434446895022,541.1953610922169,-0.9881633915290315,-0.4650341570666285,-0.0004108516122660291,0.0002468355890976022,0.03064423110477915,0.01170548920968773,0.01170548507100859,2.617936812022968,-0.9881633915290315,-0.4650341570666285,7069.641196296112,88.86323435005775,856.5747872336447,10.76688391147397,96.67873285570849,29.42646860828834,0.3698817384682754,3.321267144291516,7955.642452138045,29.10899023039345,0.03435364786222898,1.92331739823395,1.102924522146931,2,no stress
743.5517355066667,747.5792200000001,86.00091637876208,13.17658603815074,13.17654236854547,6.526798074232577,81.8818221761178,5.066666666666666,0.4,9.320331829893862,121.2660160578978,0.3172318928643687,-0.4105750124270333,6.124297266396284e-05,-0.0001905203374180046,0.01762180617736607,0.008533161923649312,0.008533131491288107,2.065096893160781,0.3172318928643687,-0.4105750124270333,2207.577104625038,68.93364168025894,968.5650301789165,30.24434099923459,97.35399523804466,26.32483316016318,0.822017320506462,2.646004761955356,3202.466967964118,36.79282692072768,0.02717921083244186,2.127255531361922,1.141538619896816,2,no stress
645.1932100666667,664.51368,137.8652659071541,15.81087570050255,15.81076213688489,8.719647698120353,98.10090310804705,10.4,1.4,11.18362810801297,194.6499153599669,-0.361589148418854,-0.2419091202764896,-0.0001093539001265072,0.0004146914662821308,0.02827854284494469,0.02226236287526192,0.02226235557741816,1.270239956261246,-0.361589148418854,-0.2419091202764896,3899.10369833254,73.3653836080757,1343.099927578266,25.27171602358196,94.88297353981955,72.43320494377393,1.362900368342325,5.117026460180448,5314.63683085458,18.54259974580502,0.05392987033688383,2.156821723344886,1.164267159699934,2,no stress
798.5336699866666,803.166115,71.05631917579119,13.79955813144202,13.79922290937543,5.149173509685847,75.79398563786998,7.4,0.1333333333333333,9.760780401471116,100.0136398476632,2.656960323714265,-0.5242793074683214,0.0001210031624806714,-0.002431695792666326,0.01789745326973822,0.00800897811313427,0.00800897484284244,2.234673764482813,2.656960323714265,-0.5242793074683214,1711.927160522773,61.03456630771781,1067.203627759102,38.04852921569932,97.64687727121465,25.71778210323178,0.916904476582874,2.353122728785342,2804.848570385107,41.49672096432427,0.02409828961810559,2.009261857129871,1.147711889825873,2,no stress
1154.34643994,1238.684,390.0090442346887,18.50300787583629,18.49965755522351,21.07814290799794,62.35640346920459,14.66666666666667,2.733333333333333,13.08559881123955,551.4008308603298,-0.5189625289372182,-0.5230741752339477,0.0002203302135269479,0.0007542237439238245,0.0249087365371129,0.01561710301096662,0.01561710284360196,1.59496524545055,-0.5189625289372182,-0.5230741752339477,7609.276660859319,92.28840319976473,593.3392685494142,7.196260050815124,93.3173794900114,42.49006119823878,0.5153367494201349,6.682620509988446,8245.105990606973,13.96418954967305,0.07161174634896114,1.950053923889096,1.078849565756317,2,time pressure
807.6158024533333,804.21782,63.90423121097415,13.94399919321133,13.94395603989841,4.582919887293603,74.76192219841354,7.133333333333334,0.0,9.863156333299312,89.83440143105636,-0.3785702827950925,0.09223440860595532,-5.356759274030237e-05,-0.001183995335102214,0.01736752938142124,0.007552309405667295,0.007552309380704028,2.299631602538497,-0.3785702827950925,0.09223440860595532,818.9149674531028,42.438706894522,1094.16106236195,56.70281099562001,98.50857744233635,16.56562842031783,0.8584821098579961,1.49142255766366,1929.64165823537,66.05007878964346,0.01514002735991888,2.206018299134133,1.138543662422517,2,interruption
830.61291292,834.0006,115.2919015423042,14.97497417789009,14.97495323709348,7.698971642470527,73.70448185922724,5.933333333333334,1.133333333333333,10.59242473503779,162.7029368533749,6.004673520611874,0.723687084633326,3.596962498391824e-05,-0.0005183043228866686,0.01866730298569718,0.01068232513959315,0.01068232475706779,1.747494364921395,6.004673520611874,0.723687084633326,4491.045592505874,84.86069595463306,756.9167270649729,14.30234427938568,94.47161003258006,44.29405658096898,0.8369597659812681,5.528389967419947,5292.256376151816,17.08844900401792,0.05851906160499849,1.638547760545128,1.244304136589358,2,time pressure
788.6150296466667,789.603865,78.38391286357634,26.0468967404075,26.04689671162308,3.009337874096016,76.86527085820154,38.46666666666667,3.733333333333333,18.42408377715381,109.3097833159588,-0.5984276806567617,-0.157282599698925,1.587876290857062e-05,-0.002740775166881758,0.0334641332407664,0.01797847589695157,0.01797847375796628,1.861344278156558,-0.5984276806567617,-0.157282599698925,903.064304355333,21.65759312317108,3145.281934818161,75.43121356189586,96.2840134341161,121.3890551384132,2.911193314933076,3.715986565883911,4169.735294311907,25.91075390801724,0.03859401403563879,2.217707783071306,1.220006429890434,2,interruption
833.2085169000001,842.197785,78.31583390021653,19.75561363473793,19.75534527816304,3.964231906343183,72.70177044775951,18.33333333333333,1.266666666666667,13.97380042932551,109.8702533925083,0.4328417511417593,-0.539829637763084,-0.0001469715011464867,-0.0009074502118319456,0.02418645555705338,0.01263296916289709,0.01263296804504403,1.914550351954374,0.4328417511417593,-0.539829637763084,1364.56229178463,44.58189891528021,1658.459223821915,54.1838668096599,97.77286797832882,37.77742967331582,1.234234275059896,2.227132021671175,3060.798945279861,43.90079574400932,0.02277863038818515,2.136253117743006,1.232248236429229,2,interruption
814.8115872,821.83175,78.56988872428524,14.55983952609428,14.55982204676584,5.396343042344081,74.40931342242126,7.066666666666666,0.8666666666666667,10.29878469362384,110.6362954103558,1.279459052171203,-0.8154326405347769,3.891362311656129e-05,0.0004217652891367637,0.01876774457095603,0.009971898769921687,0.009971889491058929,1.88206328643902,1.279459052171203,-0.8154326405347769,1275.204355836562,58.36893935260575,869.730756907342,39.80951097811881,95.62454177013757,39.79596166036863,1.821549669275432,4.375458229862433,2184.731074404272,21.85474909062131,0.04575664519658737,2.052845298407072,1.182020328032039,2,interruption
757.9015179066668,755.3741749999999,84.96382524504166,24.67446404307816,24.67442053010964,3.443390912025757,80.18063233671033,31.53333333333333,3.866666666666667,17.45327268858878,118.8826584199635,-0.9228648443984566,0.05598739588820519,5.529396261731566e-05,-0.002722944477502779,0.03285808783908566,0.01721112143359706,0.01721109098820954,1.909119517043489,-0.9228648443984566,0.05598739588820519,1408.947778379724,31.04864328160556,3013.20579230392,66.4012912436687,96.30164568749457,115.7187144298268,2.550065474725745,3.698354312505432,4537.872285113472,26.03905346815067,0.03840385370471077,2.224660910460996,1.206383333632288,2,interruption
924.8461392466667,922.275755,84.16657672242985,11.89997895992659,11.89896451286876,7.072834078603199,65.4291258080362,3.8,0.1333333333333333,8.416646384927953,118.731568413697,-0.6857370384110708,-0.1127939666281401,-0.000165197103116617,0.0002480043084866752,0.01317926667466444,0.004793325904514487,0.004793307508884602,2.74950356750244,-0.6857370384110708,-0.1127939666281401,1780.332117257892,76.44794212003838,544.7614514933891,23.39220390920018,99.32127387094508,3.722705285786967,0.1598539707614441,0.6787261290549469,2328.816274037068,146.3348317078043,0.006833643011233043,2.209189130169717,1.105378329201254,2,time pressure
912.7650317266667,912.025455,84.18746784252326,20.75560788745639,20.75560560437986,4.056131157372739,66.30761218267727,22.86666666666667,1.533333333333333,14.68132732795056,118.1504046178486,0.2137746660072626,0.02686329214363209,-2.741480835408409e-05,-0.0005105680449114061,0.0226132921173258,0.01241724155002471,0.01241722278133386,1.821120417624541,0.2137746660072626,0.02686329214363209,1447.061910579652,47.16911047381534,1590.888077775631,51.85733584958729,98.15722641558999,29.8668435583682,0.9735536765973665,1.842773584410011,3067.816831913651,53.26602641041023,0.01877369249012653,2.158221982082943,1.255566463798835,2,interruption
983.2094244733333,992.922315,100.7407216921483,20.09423641746366,20.09421975885681,5.013413776927383,61.72378696739501,23.46666666666667,0.6666666666666666,14.21350083937303,141.7581123181276,0.1913482043842727,-0.5126066935338358,-5.680308145522655e-05,-0.001223857808327121,0.02031604891759618,0.009858591903614319,0.009858567815016801,2.060745501611441,0.1913482043842727,-0.5126066935338358,2068.217408208186,56.79326052106386,1566.017326291849,43.00284372407732,99.52809270655976,7.425189992434684,0.2038957548588097,0.4719072934402088,3641.659924492471,210.9060277093812,0.004741448174150594,2.128973809024985,1.21255495557991,2,interruption
959.41730556,953.536155,78.28756393434207,10.60755011807588,10.60732896195553,7.380362389326402,62.95217664844951,1.866666666666667,0.0,7.503017331031627,110.4608078210441,-0.07260763221107513,0.2922546186009633,-5.76162470729157e-05,-0.000628496174088087,0.01112460401302484,0.004814858166173491,0.004814845046664075,2.310473876713566,-0.07260763221107513,0.2922546186009633,837.7914592870629,63.91382856315017,471.1513090732368,35.94341248242853,99.60439429084037,1.871304464772258,0.1427589544212944,0.3956057091595879,1310.814072825072,251.7769384633927,0.0039717696390426,2.102819652806517,1.153556035128037,2,no stress
820.4936364066666,671.7613699999999,380.8293781124553,17.34538108594388,17.33679862749707,21.95566509755538,86.26240119342671,10.73333333333333,2.2,12.26305896925205,538.4344415541743,0.08806820341733523,1.203298895540101,0.0005137271363455985,0.001380448068256092,0.02730371771765935,0.01568757535689091,0.01568755684981564,1.740467669254315,0.08806820341733523,1.203298895540101,5284.627912594146,82.7306397958525,997.8909761087123,15.6219435436952,90.46046500288615,105.2328869809522,1.647416660452291,9.539534997113785,6387.751775683811,9.482691245459579,0.105455294716973,1.516447116300889,1.113757028744189,2,no stress
702.23733824,709.739375,69.48894832771354,16.70759166681659,16.70753440975908,4.159124170225411,86.46232412754648,9.8,1.466666666666667,11.81795348148789,97.55902754175378,3.251219832409273,-1.322454780075818,4.992922500510271e-05,0.0001227717575451105,0.02501319167716907,0.01483848972169875,0.01483846809305259,1.685696600280792,3.251219832409273,-1.322454780075818,898.8820778623668,38.52810845434178,1321.564918763761,56.64524610466185,92.14820738448991,112.6083074711342,4.826645440996358,7.851792615510083,2333.055304097262,11.73594513977158,0.08520830560217355,1.955967223430585,1.2383970900979,2,no stress
722.0991130733335,719.80862,49.40286380784962,9.532990376745238,9.532634434224347,5.182305011905068,83.48865051919948,1.266666666666667,0.0,6.74283993896125,69.54006050034343,-0.03920389131900537,-0.1209470446522384,-0.0001351786609300105,0.00032317800282272,0.01329726933479267,0.007450365083720999,0.007450350262085386,1.784780904743463,-0.03920389131900537,-0.1209470446522384,865.7093978781041,67.40008961608879,386.6317960730178,30.10134551804877,92.3356695265778,32.09240667046276,2.498564865862436,7.664330473422205,1284.433600621585,12.04745409227493,0.08300508907033065,2.162334055213303,1.181649073434747,2,no stress
736.9452662000001,690.659525,155.850025100324,10.19627371261067,10.19088697989669,15.28499817610525,83.92463715096056,2.666666666666667,0.2,7.208450110578362,220.2873098808612,5.750643403170365,2.560780184507633,0.0003733510175767862,0.0005436906330327589,0.01324367025884767,0.006685760961967983,0.006685757883956887,1.980877021207371,5.750643403170365,2.560780184507633,1703.453385516918,75.91134817443019,518.8234413200892,23.12043712493722,95.98061897509412,21.72677273376888,0.9682147006325966,4.019381024905877,2244.003599570776,23.87945267700558,0.0418770067105825,1.153556775506878,1.146914147196811,2,no stress
1030.30560264,1021.8657,91.42861004406114,21.49913623954827,21.49908039450371,4.252664340806196,58.69731242092479,26.26666666666667,1.6,15.20721883706578,128.4021883163196,-0.337588516174439,0.1431904581697084,9.218259125948472e-06,-0.001159264612960341,0.02098311080668311,0.009363285551981014,0.009363150718244975,2.240998706083855,-0.337588516174439,0.1431904581697084,2406.407560053224,57.6504285736428,1764.219319408426,42.265492159419,99.8014637123674,3.5095833389234,0.08407926693821358,0.198536287632618,4174.136462800573,502.6862590331358,0.001989312383281363,2.192151410265699,1.165262294121603,2,interruption
859.9422999999999,858.9573949999999,90.7089357099995,22.25507192798532,22.25485711635014,4.075876995748316,70.57760833290979,28.86666666666667,1.333333333333333,15.74181202850374,127.3122829476437,0.03068016322030198,-0.01860694088509573,-9.332537727452906e-05,-0.001955566523567097,0.02601031330181626,0.01368711459439687,0.01368705601593654,1.900350371324002,0.03068016322030198,-0.01860694088509573,1316.458450387669,38.57316332798311,2059.824515370741,60.35431458925405,98.25398451089143,36.60396600286695,1.072522082762844,1.746015489108579,3412.886931761277,56.27326053164315,0.0177704293398405,2.183665155366578,1.233750518087805,2,interruption
927.6285965866667,926.1348399999999,85.19110215874873,12.48232583985529,12.48179979155441,6.824938176724951,65.25031796798787,5.066666666666666,0.1333333333333333,8.828910698856507,120.1544760294694,-0.544124842566688,-0.2334889987178646,0.0001458258754769304,0.0008426712184026397,0.01390293877611564,0.00521594415854171,0.005215943107986649,2.665469252263365,-0.544124842566688,-0.2334889987178646,2255.390756575219,78.92405203141514,596.8133599021817,20.88459772775191,99.09209189015765,5.46816278859175,0.1913502408329438,0.9079081098423875,2857.672279265992,109.1433051604308,0.009162266054982394,2.19621374750295,1.096977584046295,2,time pressure
780.5965491599999,784.71973,66.25545240464959,10.90687118276036,10.90686368641202,6.074652509821002,77.43957556560102,2.533333333333333,0.2666666666666667,7.714891049373296,93.38121011630699,-0.434558848937058,-0.2239133589256152,9.582332372620106e-06,-0.0002686077755413383,0.01428154927715859,0.007641514968781518,0.007641513344797885,1.868942131959975,-0.434558848937058,-0.2239133589256152,634.2640643378314,53.24889861019785,528.7221214447463,44.38824808271696,94.94588739763763,28.14467493415781,2.362853307085202,5.054112602362375,1191.130860716735,18.78586704879871,0.05323150629153134,2.217593395575369,1.210750763207534,2,no stress
837.32909826,839.6225,61.92930654426045,12.14074231442548,12.14064856938324,5.100948932148639,72.06091454404901,4.066666666666666,0.0,8.587599852211378,87.15922869601509,-0.1596770156617979,-0.2157665045977453,-4.885390459847423e-05,0.0006341264739307567,0.01466801420971214,0.007818907909728121,0.0078189060688737,1.875967127258592,-0.1596770156617979,-0.2157665045977453,1629.775103285789,74.79844834642239,522.9296285174339,23.99982962595069,95.2315554052152,26.18418810809689,1.201722027626933,4.768444594784847,2178.88891991132,19.97119889143056,0.05007210660893722,2.180668591284729,1.21522366812781,2,time pressure
716.0948288066667,713.2572700000001,52.50618012346031,9.63864682959896,9.638639059661429,5.447463845466466,84.24878806897831,1.933333333333333,0.0,6.817821543159308,73.94129571301919,0.1285096662635716,-0.08655723791361408,-8.784841940986591e-07,0.000166494853379807,0.01348261403822948,0.007720144491360726,0.007720112083411472,1.746419908761718,0.1285096662635716,-0.08655723791361408,1111.353176007982,73.1024304042308,376.0493113228413,24.73571786448872,91.96265029231293,32.86594952221824,2.161851731280485,8.03734970768708,1520.268436853042,11.44191227667474,0.08739797822419776,2.136742806047358,1.186822355484176,2,no stress
709.2654870533335,711.6498650000001,33.41882647106772,9.240419155856847,9.240321330308952,3.616592051442374,84.78774403929032,0.6666666666666666,0.0,6.536074381615838,46.80721800197763,0.854106955691778,-0.4311290431405712,-6.695353381697365e-05,9.82546473936637e-05,0.01307791911538353,0.008803102312325034,0.008803102248431319,1.485603444262305,0.854106955691778,-0.4311290431405712,241.1685930415829,43.06504410127326,278.1600453242021,49.67054154117609,87.24085363221803,40.68145351858045,7.264414357550651,12.75914636778196,560.0100918843656,6.837514918122531,0.1462519660980255,2.106066373372851,1.321789047583814,2,no stress
815.4227680866667,822.9633,78.81811681633093,14.68823595655492,14.6882308357789,5.366070986976266,74.3580048505667,7.266666666666667,0.8666666666666667,10.38961372069345,110.9803901762845,1.260154969765664,-0.8235492426145287,-3.164007342056883e-06,0.0003833316310921618,0.01890141786848863,0.0100397943274303,0.01003978554834578,1.882649908160666,1.260154969765664,-0.8235492426145287,1099.430003049048,54.36849166422949,874.7129648084643,43.25589114713367,94.79391044636016,48.03930977295722,2.375617188636832,5.206089553639819,2022.18227763047,18.20827503439416,0.05492008430842953,2.054301467968332,1.184267877780873,2,interruption
806.1847278066667,812.790135,77.13339518238358,14.65759745811883,14.65755444382617,5.26234912664077,75.18643305366578,7.133333333333334,0.8666666666666667,10.36791499698078,108.5892611787137,1.032539960401879,-0.7580650311799788,4.90202401170038e-05,0.0001770601939229372,0.0190112349430363,0.01019922379174683,0.01019922151541271,1.863988410414145,1.032539960401879,-0.7580650311799788,1148.439398044964,54.75659152086545,897.5950939827245,42.79655330182307,94.59179743621674,51.31920758551992,2.446855177311493,5.408202563783272,2097.353699613208,17.4904316768131,0.057174117739226,2.074814504440494,1.185840881295571,2,interruption
